{"name":"sandwichType","identifier":"A7MQTQV9HQ","description":null,"slotTypeName":"SandwichType","obfuscationSetting":null,"valueElicitationSetting":{"promptSpecification":{"allowInterrupt":true,"messageGroupsList":[{"message":{"imageResponseCard":null,"customPayload":null,"plainTextMessage":{"value":"What type of sandwich would you like?"},"ssmlMessage":null},"variations":null}],"maxRetries":4},"sampleUtterances":null,"slotConstraint":"Required","defaultValueSpecification":null,"waitAndContinueSpecification":null},"multipleValuesSetting":null}