{"name":"tarterSauce","identifier":"2XQZTFC3AD","description":null,"slotTypeName":"TarterSauce","obfuscationSetting":null,"valueElicitationSetting":{"promptSpecification":{"allowInterrupt":true,"messageGroupsList":[{"message":{"imageResponseCard":null,"customPayload":null,"plainTextMessage":{"value":"Would you like tarter sauce?"},"ssmlMessage":null},"variations":null}],"maxRetries":4},"sampleUtterances":null,"slotConstraint":"Required","defaultValueSpecification":null,"waitAndContinueSpecification":null},"multipleValuesSetting":null}